Genus,Species,Center Lat,Center Long,C-Square Code,Overall Probability
Lutjanus,campechanus,-1.25,-48.25,5004:218:1,0.1
Lutjanus,campechanus,-1.25,-48.75,5004:218:2,0.15
Lutjanus,campechanus,-1.75,-48.75,5004:218:4,0.12
Lutjanus,campechanus,-1.75,-49.25,5004:219:3,0.03
Lutjanus,campechanus,0.25,-48.75,7004:208:2,0.12
Lutjanus,campechanus,0.75,-48.75,7004:208:4,0.12
Lutjanus,campechanus,0.25,-49.25,7004:209:1,0.02
Lutjanus,campechanus,0.75,-49.25,7004:209:3,0.06
Lutjanus,campechanus,1.25,-48.75,7004:218:2,0.08
Lutjanus,campechanus,1.75,-48.75,7004:218:4,0.13
Lutjanus,campechanus,1.25,-49.25,7004:219:1,0.07
Lutjanus,campechanus,1.75,-49.25,7004:219:3,0.11
Lutjanus,campechanus,2.25,-49.75,7004:229:2,0.13
Lutjanus,campechanus,2.75,-50.25,7005:120:3,0.04
Lutjanus,campechanus,3.75,-50.75,7005:130:4,0.16
Lutjanus,campechanus,3.25,-51.25,7005:131:1,0.02
Lutjanus,campechanus,3.75,-51.25,7005:131:3,0.03
Lutjanus,campechanus,4.25,-51.25,7005:141:1,0.12
Lutjanus,campechanus,7.25,-58.75,7005:478:2,0.04
Lutjanus,campechanus,10.25,-66.25,7106:206:1,0.15
Lutjanus,campechanus,19.75,-68.75,7106:498:4,0.07
Lutjanus,campechanus,10.25,-71.25,7107:101:1,0.11
Lutjanus,campechanus,10.75,-71.25,7107:101:3,0.03
Lutjanus,campechanus,19.75,-74.75,7107:394:4,0.14
Lutjanus,campechanus,18.25,-75.75,7107:485:2,0.02
Lutjanus,campechanus,19.75,-77.25,7107:497:3,0.19
Lutjanus,campechanus,19.75,-77.75,7107:497:4,0.12
Lutjanus,campechanus,12.25,-82.25,7108:122:1,0.11
Lutjanus,campechanus,15.75,-80.25,7108:350:3,0.15
Lutjanus,campechanus,16.25,-86.75,7108:466:2,0.15
Lutjanus,campechanus,16.25,-87.25,7108:467:1,0.16
Lutjanus,campechanus,16.25,-87.75,7108:467:2,0.12
Lutjanus,campechanus,16.75,-87.75,7108:467:4,0.15
Lutjanus,campechanus,17.25,-88.25,7108:478:1,0.18
Lutjanus,campechanus,19.75,-95.75,7109:495:4,0.09
Lutjanus,campechanus,20.25,-68.75,7206:208:2,0.1
Lutjanus,campechanus,20.25,-69.75,7206:209:2,0.19
Lutjanus,campechanus,20.75,-69.25,7206:209:3,0.09
Lutjanus,campechanus,20.75,-70.25,7207:100:3,0.1
Lutjanus,campechanus,20.75,-70.75,7207:100:4,0.1
Lutjanus,campechanus,20.75,-73.25,7207:103:3,0.09
Lutjanus,campechanus,20.75,-73.75,7207:103:4,0.09
Lutjanus,campechanus,20.25,-74.25,7207:104:1,0.13
Lutjanus,campechanus,21.25,-70.75,7207:110:2,0.09
Lutjanus,campechanus,21.25,-71.25,7207:111:1,0.08
Lutjanus,campechanus,21.75,-71.25,7207:111:3,0.08
Lutjanus,campechanus,21.25,-72.25,7207:112:1,0.09
Lutjanus,campechanus,21.25,-72.75,7207:112:2,0.08
Lutjanus,campechanus,21.75,-72.75,7207:112:4,0.08
Lutjanus,campechanus,21.25,-73.25,7207:113:1,0.08
Lutjanus,campechanus,21.25,-73.75,7207:113:2,0.09
Lutjanus,campechanus,21.75,-73.25,7207:113:3,0.08
Lutjanus,campechanus,21.75,-73.75,7207:113:4,0.08
Lutjanus,campechanus,22.25,-71.75,7207:121:2,0.07
Lutjanus,campechanus,22.25,-72.75,7207:122:2,0.07
Lutjanus,campechanus,22.25,-73.25,7207:123:1,0.07
Lutjanus,campechanus,22.25,-73.75,7207:123:2,0.08
Lutjanus,campechanus,22.75,-73.25,7207:123:3,0.07
Lutjanus,campechanus,22.75,-73.75,7207:123:4,0.07
Lutjanus,campechanus,22.25,-74.25,7207:124:1,0.1
Lutjanus,campechanus,22.25,-74.75,7207:124:2,0.07
Lutjanus,campechanus,22.75,-74.25,7207:124:3,0.15
Lutjanus,campechanus,22.75,-74.75,7207:124:4,0.07
Lutjanus,campechanus,23.25,-73.75,7207:133:2,0.06
Lutjanus,campechanus,23.25,-74.75,7207:134:2,0.06
Lutjanus,campechanus,23.75,-74.25,7207:134:3,0.06
Lutjanus,campechanus,23.75,-74.75,7207:134:4,0.06
Lutjanus,campechanus,24.25,-74.25,7207:144:1,0.06
Lutjanus,campechanus,20.75,-79.25,7207:209:3,0.11
Lutjanus,campechanus,21.75,-75.25,7207:215:3,0.09
Lutjanus,campechanus,21.25,-79.75,7207:219:2,0.16
Lutjanus,campechanus,22.25,-75.25,7207:225:1,0.13
Lutjanus,campechanus,22.75,-75.75,7207:225:4,0.13
Lutjanus,campechanus,23.75,-75.25,7207:235:3,0.07
Lutjanus,campechanus,23.75,-75.75,7207:235:4,0.06
Lutjanus,campechanus,23.75,-76.75,7207:236:4,0.15
Lutjanus,campechanus,23.75,-77.25,7207:237:3,0.14
Lutjanus,campechanus,24.25,-75.25,7207:245:1,0.09
Lutjanus,campechanus,24.25,-75.75,7207:245:2,0.15
Lutjanus,campechanus,24.75,-75.75,7207:245:4,0.13
Lutjanus,campechanus,24.25,-76.25,7207:246:1,0.11
Lutjanus,campechanus,24.75,-76.25,7207:246:3,0.15
Lutjanus,campechanus,24.75,-76.75,7207:246:4,0.16
Lutjanus,campechanus,24.25,-77.25,7207:247:1,0.18
Lutjanus,campechanus,24.75,-77.75,7207:247:4,0.14
Lutjanus,campechanus,29.25,-79.75,7207:499:2,0.05
Lutjanus,campechanus,21.75,-80.25,7208:110:3,0.1
Lutjanus,campechanus,21.75,-80.75,7208:110:4,0.09
Lutjanus,campechanus,21.25,-82.75,7208:112:2,0.08
Lutjanus,campechanus,21.75,-83.25,7208:113:3,0.13
Lutjanus,campechanus,21.75,-83.75,7208:113:4,0.1
Lutjanus,campechanus,21.75,-84.25,7208:114:3,0.1
Lutjanus,campechanus,21.75,-84.75,7208:114:4,0.13
Lutjanus,campechanus,22.25,-81.25,7208:121:1,0.16
Lutjanus,campechanus,24.25,-88.75,7208:248:2,0.02
Lutjanus,campechanus,29.75,-83.25,7208:393:3,0.15
Lutjanus,campechanus,29.75,-89.25,7208:499:3,0.16
Lutjanus,campechanus,20.25,-92.25,7209:102:1,0.19
Lutjanus,campechanus,21.75,-97.75,7209:217:4,0.04
Lutjanus,campechanus,37.75,-73.75,7307:373:4,0.09
Lutjanus,campechanus,39.25,-74.75,7307:394:2,0.11
Lutjanus,campechanus,37.25,-76.75,7307:476:2,0.19
Lutjanus,campechanus,37.75,-76.25,7307:476:3,0.1
Lutjanus,campechanus,38.25,-75.25,7307:485:1,0.12
Lutjanus,campechanus,38.25,-76.25,7307:486:1,0.02
Lutjanus,campechanus,38.25,-76.75,7307:486:2,0.03
Lutjanus,campechanus,38.75,-76.25,7307:486:3,0.05
Lutjanus,campechanus,38.75,-76.75,7307:486:4,0.02
Lutjanus,campechanus,39.25,-75.25,7307:495:1,0.14
Lutjanus,campechanus,39.25,-76.25,7307:496:1,0.06
Lutjanus,campechanus,39.75,-76.25,7307:496:3,0.05
Lutjanus,campechanus,32.75,-80.25,7308:120:3,0.14
Lutjanus,campechanus,30.25,-88.75,7308:208:2,0.17
Lutjanus,campechanus,30.25,-90.25,7309:100:1,0.09
Lutjanus,campechanus,40.75,-66.25,7406:206:3,0.05
Lutjanus,campechanus,40.75,-67.25,7406:207:3,0.13
Lutjanus,campechanus,40.75,-67.75,7406:207:4,0.08
Lutjanus,campechanus,40.75,-68.25,7406:208:3,0.05
Lutjanus,campechanus,40.75,-68.75,7406:208:4,0.04
Lutjanus,campechanus,40.75,-69.25,7406:209:3,0.02
Lutjanus,campechanus,40.75,-69.75,7406:209:4,0.02
Lutjanus,campechanus,41.25,-65.75,7406:215:2,0.11
Lutjanus,campechanus,41.25,-66.25,7406:216:1,0.07
Lutjanus,campechanus,40.75,-70.25,7407:100:3,0.06
Lutjanus,campechanus,40.75,-70.75,7407:100:4,0.12
Lutjanus,campechanus,40.75,-71.25,7407:101:3,0.15
Lutjanus,campechanus,40.75,-71.75,7407:101:4,0.15
Lutjanus,campechanus,40.75,-72.25,7407:102:3,0.14
Lutjanus,campechanus,40.75,-72.75,7407:102:4,0.14
Lutjanus,campechanus,40.25,-73.75,7407:103:2,0.19
Lutjanus,campechanus,40.75,-73.25,7407:103:3,0.14
Lutjanus,campechanus,41.25,-70.75,7407:110:2,0.05
Lutjanus,campechanus,41.75,-70.75,7407:110:4,0.03
Lutjanus,campechanus,41.25,-71.25,7407:111:1,0.08
Lutjanus,campechanus,41.25,-71.75,7407:111:2,0.07
Lutjanus,campechanus,41.25,-72.25,7407:112:1,0.06
Lutjanus,campechanus,41.25,-72.75,7407:112:2,0.05
Lutjanus,campechanus,-0.75,-48.25,5004:208:3,0.24
Lutjanus,campechanus,0.75,-48.25,7004:208:3,0.35
Lutjanus,campechanus,1.25,-47.75,7004:217:2,0.29
Lutjanus,campechanus,1.25,-48.25,7004:218:1,0.33
Lutjanus,campechanus,1.75,-48.25,7004:218:3,0.34
Lutjanus,campechanus,2.25,-48.75,7004:228:2,0.33
Lutjanus,campechanus,2.25,-49.25,7004:229:1,0.36
Lutjanus,campechanus,2.75,-49.75,7004:229:4,0.37
Lutjanus,campechanus,3.25,-50.25,7005:130:1,0.3
Lutjanus,campechanus,4.25,-50.75,7005:140:2,0.35
Lutjanus,campechanus,4.25,-51.75,7005:141:2,0.23
Lutjanus,campechanus,4.75,-51.25,7005:141:3,0.31
Lutjanus,campechanus,4.75,-51.75,7005:141:4,0.35
Lutjanus,campechanus,5.75,-54.25,7005:354:3,0.21
Lutjanus,campechanus,5.75,-55.75,7005:455:4,0.24
Lutjanus,campechanus,5.75,-56.25,7005:456:3,0.31
Lutjanus,campechanus,9.25,-71.25,7007:391:1,0.39
Lutjanus,campechanus,9.75,-71.25,7007:391:3,0.38
Lutjanus,campechanus,9.75,-78.25,7007:498:3,0.31
Lutjanus,campechanus,9.75,-80.25,7008:390:3,0.37
Lutjanus,campechanus,10.25,-59.75,7105:209:2,0.36
Lutjanus,campechanus,11.25,-66.25,7106:216:1,0.33
Lutjanus,campechanus,10.75,-75.75,7107:205:4,0.27
Lutjanus,campechanus,11.25,-75.25,7107:215:1,0.26
Lutjanus,campechanus,18.75,-73.75,7107:383:4,0.22
Lutjanus,campechanus,18.75,-74.25,7107:384:3,0.22
Lutjanus,campechanus,18.75,-74.75,7107:384:4,0.36
Lutjanus,campechanus,19.25,-73.25,7107:393:1,0.3
Lutjanus,campechanus,16.25,-79.75,7107:469:2,0.25
Lutjanus,campechanus,18.75,-75.75,7107:485:4,0.29
Lutjanus,campechanus,18.25,-76.25,7107:486:1,0.27
Lutjanus,campechanus,18.25,-76.75,7107:486:2,0.37
Lutjanus,campechanus,18.75,-77.25,7107:487:3,0.32
Lutjanus,campechanus,19.75,-76.75,7107:496:4,0.31
Lutjanus,campechanus,19.75,-79.75,7107:499:4,0.33
Lutjanus,campechanus,12.25,-81.25,7108:121:1,0.39
Lutjanus,campechanus,19.75,-80.25,7108:390:3,0.28
Lutjanus,campechanus,15.75,-88.25,7108:458:3,0.37
Lutjanus,campechanus,16.25,-85.25,7108:465:1,0.27
Lutjanus,campechanus,16.25,-85.75,7108:465:2,0.31
Lutjanus,campechanus,16.75,-85.75,7108:465:4,0.29
Lutjanus,campechanus,16.25,-86.25,7108:466:1,0.22
Lutjanus,campechanus,17.25,-87.25,7108:477:1,0.27
Lutjanus,campechanus,17.25,-87.75,7108:477:2,0.2
Lutjanus,campechanus,19.75,-92.25,7109:392:3,0.34
Lutjanus,campechanus,20.75,-69.75,7206:209:4,0.27
Lutjanus,campechanus,20.25,-74.75,7207:104:2,0.37
Lutjanus,campechanus,20.75,-74.75,7207:104:4,0.34
Lutjanus,campechanus,21.25,-71.75,7207:111:2,0.22
Lutjanus,campechanus,21.75,-71.75,7207:111:4,0.26
Lutjanus,campechanus,21.75,-72.25,7207:112:3,0.26
Lutjanus,campechanus,20.25,-78.25,7207:208:1,0.28
Lutjanus,campechanus,21.75,-75.75,7207:215:4,0.2
Lutjanus,campechanus,21.75,-79.75,7207:219:4,0.33
Lutjanus,campechanus,23.25,-75.25,7207:235:1,0.28
Lutjanus,campechanus,25.75,-76.75,7207:456:4,0.35
Lutjanus,campechanus,25.25,-77.75,7207:457:2,0.28
Lutjanus,campechanus,26.25,-76.75,7207:466:2,0.32
Lutjanus,campechanus,21.75,-81.25,7208:111:3,0.23
Lutjanus,campechanus,21.75,-81.75,7208:111:4,0.27
Lutjanus,campechanus,21.75,-82.25,7208:112:3,0.27
Lutjanus,campechanus,21.75,-82.75,7208:112:4,0.21
Lutjanus,campechanus,22.25,-81.75,7208:121:2,0.33
Lutjanus,campechanus,22.25,-82.25,7208:122:1,0.35
Lutjanus,campechanus,22.25,-82.75,7208:122:2,0.38
Lutjanus,campechanus,22.25,-83.25,7208:123:1,0.39
Lutjanus,campechanus,22.25,-83.75,7208:123:2,0.21
Lutjanus,campechanus,22.25,-84.25,7208:124:1,0.31
Lutjanus,campechanus,22.25,-84.75,7208:124:2,0.35
Lutjanus,campechanus,21.25,-89.25,7208:219:1,0.2
Lutjanus,campechanus,21.25,-89.75,7208:219:2,0.34
Lutjanus,campechanus,26.75,-84.75,7208:364:4,0.37
Lutjanus,campechanus,27.25,-82.25,7208:372:1,0.2
Lutjanus,campechanus,29.25,-81.25,7208:391:1,0.25
Lutjanus,campechanus,29.25,-83.25,7208:393:1,0.25
Lutjanus,campechanus,29.75,-89.75,7208:499:4,0.23
Lutjanus,campechanus,20.75,-92.25,7209:102:3,0.21
Lutjanus,campechanus,21.25,-92.25,7209:112:1,0.23
Lutjanus,campechanus,21.75,-92.25,7209:112:3,0.39
Lutjanus,campechanus,21.25,-96.75,7209:216:2,0.37
Lutjanus,campechanus,25.25,-96.25,7209:456:1,0.38
Lutjanus,campechanus,25.25,-97.75,7209:457:2,0.3
Lutjanus,campechanus,28.75,-96.25,7209:486:3,0.3
Lutjanus,campechanus,28.25,-97.25,7209:487:1,0.35
Lutjanus,campechanus,39.75,-69.75,7306:499:4,0.39
Lutjanus,campechanus,38.75,-73.75,7307:383:4,0.36
Lutjanus,campechanus,38.25,-74.25,7307:384:1,0.39
Lutjanus,campechanus,38.25,-74.75,7307:384:2,0.33
Lutjanus,campechanus,38.75,-74.25,7307:384:3,0.31
Lutjanus,campechanus,38.75,-74.75,7307:384:4,0.27
Lutjanus,campechanus,39.75,-71.25,7307:391:3,0.32
Lutjanus,campechanus,39.75,-71.75,7307:391:4,0.39
Lutjanus,campechanus,39.25,-72.75,7307:392:2,0.39
Lutjanus,campechanus,39.75,-72.25,7307:392:3,0.33
Lutjanus,campechanus,39.75,-72.75,7307:392:4,0.29
Lutjanus,campechanus,39.25,-73.25,7307:393:1,0.32
Lutjanus,campechanus,39.25,-73.75,7307:393:2,0.28
Lutjanus,campechanus,39.75,-73.25,7307:393:3,0.26
Lutjanus,campechanus,39.75,-73.75,7307:393:4,0.23
Lutjanus,campechanus,39.25,-74.25,7307:394:1,0.25
Lutjanus,campechanus,39.75,-74.25,7307:394:3,0.21
Lutjanus,campechanus,37.25,-75.75,7307:475:2,0.27
Lutjanus,campechanus,37.75,-75.25,7307:475:3,0.35
Lutjanus,campechanus,37.75,-75.75,7307:475:4,0.28
Lutjanus,campechanus,37.25,-76.25,7307:476:1,0.21
Lutjanus,campechanus,38.75,-75.25,7307:485:3,0.24
Lutjanus,campechanus,31.25,-81.25,7308:111:1,0.28
Lutjanus,campechanus,40.75,-66.75,7406:206:4,0.22
Lutjanus,campechanus,40.25,-67.25,7406:207:1,0.26
Lutjanus,campechanus,40.25,-67.75,7406:207:2,0.34
Lutjanus,campechanus,40.25,-68.25,7406:208:1,0.31
Lutjanus,campechanus,40.25,-68.75,7406:208:2,0.25
Lutjanus,campechanus,40.25,-69.25,7406:209:1,0.21
Lutjanus,campechanus,40.25,-69.75,7406:209:2,0.2
Lutjanus,campechanus,40.25,-70.25,7407:100:1,0.23
Lutjanus,campechanus,40.25,-70.75,7407:100:2,0.25
Lutjanus,campechanus,40.25,-71.25,7407:101:1,0.26
Lutjanus,campechanus,40.25,-71.75,7407:101:2,0.25
Lutjanus,campechanus,40.25,-72.25,7407:102:1,0.23
Lutjanus,campechanus,40.25,-72.75,7407:102:2,0.22
Lutjanus,campechanus,40.25,-73.25,7407:103:1,0.2
Lutjanus,campechanus,-0.25,-47.75,5004:207:2,0.51
Lutjanus,campechanus,-0.75,-47.25,5004:207:3,0.42
Lutjanus,campechanus,-1.25,-45.75,5004:215:2,0.54
Lutjanus,campechanus,0.75,-47.75,7004:207:4,0.56
Lutjanus,campechanus,0.25,-48.25,7004:208:1,0.53
Lutjanus,campechanus,1.25,-47.25,7004:217:1,0.56
Lutjanus,campechanus,1.75,-47.75,7004:217:4,0.41
Lutjanus,campechanus,2.25,-48.25,7004:228:1,0.48
Lutjanus,campechanus,2.75,-48.75,7004:228:4,0.56
Lutjanus,campechanus,2.75,-49.25,7004:229:3,0.55
Lutjanus,campechanus,4.75,-52.25,7005:142:3,0.41
Lutjanus,campechanus,5.25,-51.75,7005:351:2,0.54
Lutjanus,campechanus,5.25,-52.25,7005:352:1,0.52
Lutjanus,campechanus,5.25,-52.75,7005:352:2,0.59
Lutjanus,campechanus,5.25,-53.25,7005:353:1,0.49
Lutjanus,campechanus,5.75,-54.75,7005:354:4,0.46
Lutjanus,campechanus,7.75,-54.25,7005:374:3,0.41
Lutjanus,campechanus,9.25,-71.75,7007:391:2,0.41
Lutjanus,campechanus,9.75,-71.75,7007:391:4,0.4
Lutjanus,campechanus,9.75,-72.25,7007:392:3,0.47
Lutjanus,campechanus,9.25,-75.75,7007:495:2,0.45
Lutjanus,campechanus,9.75,-75.75,7007:495:4,0.59
Lutjanus,campechanus,9.75,-78.75,7007:498:4,0.4
Lutjanus,campechanus,9.75,-79.25,7007:499:3,0.46
Lutjanus,campechanus,18.75,-66.25,7106:486:3,0.51
Lutjanus,campechanus,10.25,-71.75,7107:101:2,0.41
Lutjanus,campechanus,10.75,-71.75,7107:101:4,0.54
Lutjanus,campechanus,11.25,-71.75,7107:111:2,0.59
Lutjanus,campechanus,10.25,-76.25,7107:206:1,0.48
Lutjanus,campechanus,18.25,-74.25,7107:384:1,0.48
Lutjanus,campechanus,18.25,-74.75,7107:384:2,0.55
Lutjanus,campechanus,19.75,-73.25,7107:393:3,0.54
Lutjanus,campechanus,17.75,-76.25,7107:476:3,0.57
Lutjanus,campechanus,17.75,-76.75,7107:476:4,0.49
Lutjanus,campechanus,17.75,-77.75,7107:477:4,0.54
Lutjanus,campechanus,18.25,-77.25,7107:487:1,0.48
Lutjanus,campechanus,18.25,-77.75,7107:487:2,0.5
Lutjanus,campechanus,18.75,-77.75,7107:487:4,0.41
Lutjanus,campechanus,18.25,-78.25,7107:488:1,0.55
Lutjanus,campechanus,18.75,-78.25,7107:488:3,0.51
Lutjanus,campechanus,12.25,-81.75,7108:121:2,0.45
Lutjanus,campechanus,16.25,-82.25,7108:362:1,0.53
Lutjanus,campechanus,16.75,-82.25,7108:362:3,0.55
Lutjanus,campechanus,16.75,-82.75,7108:362:4,0.47
Lutjanus,campechanus,16.75,-83.25,7108:363:3,0.4
Lutjanus,campechanus,16.25,-84.75,7108:364:2,0.5
Lutjanus,campechanus,19.25,-81.25,7108:391:1,0.47
Lutjanus,campechanus,16.75,-88.25,7108:468:3,0.52
Lutjanus,campechanus,19.75,-92.75,7109:392:4,0.4
Lutjanus,campechanus,20.25,-72.75,7207:102:2,0.54
Lutjanus,campechanus,21.25,-75.75,7207:215:2,0.5
Lutjanus,campechanus,22.25,-75.75,7207:225:2,0.5
Lutjanus,campechanus,22.25,-76.25,7207:226:1,0.43
Lutjanus,campechanus,23.25,-75.75,7207:235:2,0.52
Lutjanus,campechanus,23.25,-76.25,7207:236:1,0.46
Lutjanus,campechanus,23.25,-76.75,7207:236:2,0.45
Lutjanus,campechanus,23.75,-76.25,7207:236:3,0.41
Lutjanus,campechanus,23.25,-77.25,7207:237:1,0.51
Lutjanus,campechanus,23.75,-77.75,7207:237:4,0.55
Lutjanus,campechanus,24.25,-76.75,7207:246:2,0.56
Lutjanus,campechanus,24.25,-77.75,7207:247:2,0.41
Lutjanus,campechanus,24.75,-77.25,7207:247:3,0.54
Lutjanus,campechanus,25.25,-76.25,7207:456:1,0.42
Lutjanus,campechanus,25.25,-77.25,7207:457:1,0.48
Lutjanus,campechanus,22.25,-80.25,7208:120:1,0.56
Lutjanus,campechanus,22.25,-80.75,7208:120:2,0.46
Lutjanus,campechanus,22.75,-83.75,7208:123:4,0.57
Lutjanus,campechanus,23.75,-88.75,7208:238:4,0.52
Lutjanus,campechanus,23.25,-89.75,7208:239:2,0.51
Lutjanus,campechanus,23.75,-89.25,7208:239:3,0.43
Lutjanus,campechanus,25.25,-82.75,7208:352:2,0.55
Lutjanus,campechanus,28.25,-80.75,7208:380:2,0.55
Lutjanus,campechanus,29.75,-83.75,7208:393:4,0.55
Lutjanus,campechanus,29.75,-88.75,7208:498:4,0.42
Lutjanus,campechanus,29.25,-89.25,7208:499:1,0.53
Lutjanus,campechanus,29.25,-89.75,7208:499:2,0.47
Lutjanus,campechanus,20.75,-90.25,7209:100:3,0.53
Lutjanus,campechanus,22.25,-92.25,7209:122:1,0.58
Lutjanus,campechanus,25.75,-90.25,7209:350:3,0.41
Lutjanus,campechanus,27.75,-91.25,7209:371:3,0.47
Lutjanus,campechanus,29.75,-91.25,7209:391:3,0.5
Lutjanus,campechanus,29.25,-93.75,7209:393:2,0.55
Lutjanus,campechanus,29.25,-94.25,7209:394:1,0.45
Lutjanus,campechanus,29.25,-94.75,7209:394:2,0.46
Lutjanus,campechanus,29.75,-94.25,7209:394:3,0.56
Lutjanus,campechanus,29.25,-95.25,7209:495:1,0.56
Lutjanus,campechanus,31.75,-65.25,7306:215:3,0.52
Lutjanus,campechanus,39.75,-69.25,7306:499:3,0.48
Lutjanus,campechanus,33.25,-79.25,7307:239:1,0.52
Lutjanus,campechanus,34.25,-77.75,7307:247:2,0.47
Lutjanus,campechanus,36.75,-74.75,7307:364:4,0.59
Lutjanus,campechanus,37.25,-74.75,7307:374:2,0.5
Lutjanus,campechanus,37.75,-74.25,7307:374:3,0.5
Lutjanus,campechanus,37.75,-74.75,7307:374:4,0.4
Lutjanus,campechanus,38.75,-72.75,7307:382:4,0.52
Lutjanus,campechanus,38.25,-73.25,7307:383:1,0.56
Lutjanus,campechanus,38.25,-73.75,7307:383:2,0.47
Lutjanus,campechanus,38.75,-73.25,7307:383:3,0.43
Lutjanus,campechanus,39.25,-72.25,7307:392:1,0.47
Lutjanus,campechanus,36.25,-75.25,7307:465:1,0.59
Lutjanus,campechanus,36.25,-75.75,7307:465:2,0.52
Lutjanus,campechanus,36.75,-75.25,7307:465:3,0.47
Lutjanus,campechanus,36.75,-75.75,7307:465:4,0.43
Lutjanus,campechanus,36.25,-76.75,7307:466:2,0.52
Lutjanus,campechanus,36.75,-76.25,7307:466:3,0.4
Lutjanus,campechanus,37.25,-75.25,7307:475:1,0.42
Lutjanus,campechanus,30.75,-87.75,7308:207:4,0.54
Lutjanus,campechanus,30.75,-88.25,7308:208:3,0.41
Lutjanus,campechanus,-2.75,-42.75,5004:122:4,0.67
Lutjanus,campechanus,-2.75,-44.75,5004:124:4,0.79
Lutjanus,campechanus,-0.25,-48.25,5004:208:1,0.62
Lutjanus,campechanus,0.75,-47.25,7004:207:3,0.6
Lutjanus,campechanus,3.25,-48.75,7004:238:2,0.78
Lutjanus,campechanus,3.25,-49.25,7004:239:1,0.7
Lutjanus,campechanus,3.25,-49.75,7004:239:2,0.65
Lutjanus,campechanus,3.75,-50.25,7005:130:3,0.63
Lutjanus,campechanus,4.75,-50.75,7005:140:4,0.69
Lutjanus,campechanus,5.25,-51.25,7005:351:1,0.67
Lutjanus,campechanus,5.75,-51.75,7005:351:4,0.76
Lutjanus,campechanus,5.75,-52.25,7005:352:3,0.67
Lutjanus,campechanus,5.75,-52.75,7005:352:4,0.63
Lutjanus,campechanus,6.25,-52.75,7005:362:2,0.78
Lutjanus,campechanus,6.25,-54.25,7005:364:1,0.78
Lutjanus,campechanus,6.25,-54.75,7005:364:2,0.77
Lutjanus,campechanus,6.25,-57.25,7005:467:1,0.77
Lutjanus,campechanus,6.25,-57.75,7005:467:2,0.69
Lutjanus,campechanus,6.75,-57.75,7005:467:4,0.71
Lutjanus,campechanus,6.75,-58.25,7005:468:3,0.78
Lutjanus,campechanus,7.25,-58.25,7005:478:1,0.72
Lutjanus,campechanus,8.25,-59.75,7005:489:2,0.62
Lutjanus,campechanus,8.75,-60.25,7006:380:3,0.74
Lutjanus,campechanus,8.75,-60.75,7006:380:4,0.69
Lutjanus,campechanus,9.25,-60.25,7006:390:1,0.73
Lutjanus,campechanus,9.25,-60.75,7006:390:2,0.69
Lutjanus,campechanus,9.75,-60.25,7006:390:3,0.71
Lutjanus,campechanus,9.75,-60.75,7006:390:4,0.72
Lutjanus,campechanus,9.75,-61.25,7006:391:3,0.75
Lutjanus,campechanus,9.75,-61.75,7006:391:4,0.75
Lutjanus,campechanus,8.75,-76.25,7007:486:3,0.78
Lutjanus,campechanus,8.75,-76.75,7007:486:4,0.78
Lutjanus,campechanus,8.75,-77.25,7007:487:3,0.75
Lutjanus,campechanus,9.25,-76.25,7007:496:1,0.75
Lutjanus,campechanus,9.25,-76.75,7007:496:2,0.79
Lutjanus,campechanus,9.75,-76.25,7007:496:3,0.74
Lutjanus,campechanus,10.25,-60.25,7106:100:1,0.78
Lutjanus,campechanus,10.25,-60.75,7106:100:2,0.75
Lutjanus,campechanus,10.25,-61.25,7106:101:1,0.75
Lutjanus,campechanus,10.25,-61.75,7106:101:2,0.71
Lutjanus,campechanus,10.25,-62.25,7106:102:1,0.66
Lutjanus,campechanus,10.25,-62.75,7106:102:2,0.75
Lutjanus,campechanus,10.75,-62.25,7106:102:3,0.68
Lutjanus,campechanus,10.75,-62.75,7106:102:4,0.72
Lutjanus,campechanus,10.75,-63.25,7106:103:3,0.69
Lutjanus,campechanus,10.75,-63.75,7106:103:4,0.79
Lutjanus,campechanus,11.25,-61.25,7106:111:1,0.78
Lutjanus,campechanus,11.25,-63.25,7106:113:1,0.73
Lutjanus,campechanus,11.25,-63.75,7106:113:2,0.79
Lutjanus,campechanus,16.75,-61.75,7106:361:4,0.64
Lutjanus,campechanus,18.75,-66.75,7106:486:4,0.75
Lutjanus,campechanus,19.25,-68.75,7106:498:2,0.71
Lutjanus,campechanus,19.75,-69.75,7106:499:4,0.6
Lutjanus,campechanus,10.75,-74.25,7107:104:3,0.73
Lutjanus,campechanus,11.25,-71.25,7107:111:1,0.63
Lutjanus,campechanus,10.25,-75.75,7107:205:2,0.74
Lutjanus,campechanus,10.75,-75.25,7107:205:3,0.61
Lutjanus,campechanus,18.75,-72.75,7107:382:4,0.69
Lutjanus,campechanus,18.75,-73.25,7107:383:3,0.65
Lutjanus,campechanus,17.25,-77.25,7107:477:1,0.77
Lutjanus,campechanus,17.25,-77.75,7107:477:2,0.75
Lutjanus,campechanus,17.75,-77.25,7107:477:3,0.71
Lutjanus,campechanus,19.75,-76.25,7107:496:3,0.79
Lutjanus,campechanus,11.75,-82.75,7108:112:4,0.64
Lutjanus,campechanus,12.75,-81.75,7108:121:4,0.67
Lutjanus,campechanus,16.25,-81.75,7108:361:2,0.63
Lutjanus,campechanus,16.75,-81.75,7108:361:4,0.73
Lutjanus,campechanus,16.25,-82.75,7108:362:2,0.77
Lutjanus,campechanus,17.25,-80.75,7108:370:2,0.62
Lutjanus,campechanus,17.25,-83.75,7108:373:2,0.6
Lutjanus,campechanus,15.75,-85.75,7108:455:4,0.69
Lutjanus,campechanus,17.75,-87.75,7108:477:4,0.64
Lutjanus,campechanus,18.25,-87.25,7108:487:1,0.6
Lutjanus,campechanus,19.75,-91.75,7109:391:4,0.77
Lutjanus,campechanus,21.75,-76.75,7207:216:4,0.62
Lutjanus,campechanus,21.75,-77.25,7207:217:3,0.78
Lutjanus,campechanus,21.25,-79.25,7207:219:1,0.72
Lutjanus,campechanus,22.25,-76.75,7207:226:2,0.63
Lutjanus,campechanus,22.75,-76.25,7207:226:3,0.6
Lutjanus,campechanus,22.75,-76.75,7207:226:4,0.6
Lutjanus,campechanus,23.25,-77.75,7207:237:2,0.61
Lutjanus,campechanus,23.75,-78.25,7207:238:3,0.64
Lutjanus,campechanus,24.25,-78.25,7207:248:1,0.74
Lutjanus,campechanus,24.25,-79.25,7207:249:1,0.61
Lutjanus,campechanus,25.25,-76.75,7207:456:2,0.77
Lutjanus,campechanus,25.75,-77.25,7207:457:3,0.66
Lutjanus,campechanus,22.75,-83.25,7208:123:3,0.71
Lutjanus,campechanus,22.75,-84.25,7208:124:3,0.6
Lutjanus,campechanus,24.75,-83.25,7208:143:3,0.72
Lutjanus,campechanus,23.25,-89.25,7208:239:1,0.78
Lutjanus,campechanus,25.75,-82.75,7208:352:4,0.69
Lutjanus,campechanus,25.25,-83.25,7208:353:1,0.76
Lutjanus,campechanus,27.75,-82.75,7208:372:4,0.7
Lutjanus,campechanus,27.25,-84.75,7208:374:2,0.75
Lutjanus,campechanus,28.75,-83.25,7208:383:3,0.65
Lutjanus,campechanus,29.25,-83.75,7208:393:2,0.75
Lutjanus,campechanus,29.25,-88.75,7208:498:2,0.69
Lutjanus,campechanus,21.25,-90.25,7209:110:1,0.72
Lutjanus,campechanus,22.25,-97.75,7209:227:2,0.72
Lutjanus,campechanus,24.75,-96.75,7209:246:4,0.63
Lutjanus,campechanus,29.25,-90.25,7209:390:1,0.62
Lutjanus,campechanus,29.25,-90.75,7209:390:2,0.79
Lutjanus,campechanus,29.25,-91.25,7209:391:1,0.66
Lutjanus,campechanus,29.75,-94.75,7209:394:4,0.71
Lutjanus,campechanus,25.75,-96.25,7209:456:3,0.7
Lutjanus,campechanus,28.75,-95.25,7209:485:3,0.75
Lutjanus,campechanus,28.75,-95.75,7209:485:4,0.7
Lutjanus,campechanus,36.25,-74.75,7307:364:2,0.75
Lutjanus,campechanus,37.25,-74.25,7307:374:1,0.61
Lutjanus,campechanus,35.75,-75.25,7307:455:3,0.79
Lutjanus,campechanus,35.75,-75.75,7307:455:4,0.7
Lutjanus,campechanus,35.75,-76.25,7307:456:3,0.71
Lutjanus,campechanus,35.75,-76.75,7307:456:4,0.69
Lutjanus,campechanus,36.25,-76.25,7307:466:1,0.6
Lutjanus,campechanus,31.75,-81.25,7308:111:3,0.79
Lutjanus,campechanus,30.25,-88.25,7308:208:1,0.61
Lutjanus,campechanus,-0.25,-43.75,5004:103:2,0.97
Lutjanus,campechanus,-0.75,-43.75,5004:103:4,0.98
Lutjanus,campechanus,-0.25,-44.25,5004:104:1,0.97
Lutjanus,campechanus,-0.25,-44.75,5004:104:2,0.95
Lutjanus,campechanus,-0.75,-44.25,5004:104:3,0.96
Lutjanus,campechanus,-0.75,-44.75,5004:104:4,0.92
Lutjanus,campechanus,-1.75,-42.75,5004:112:4,0.96
Lutjanus,campechanus,-1.25,-43.25,5004:113:1,0.97
Lutjanus,campechanus,-1.25,-43.75,5004:113:2,0.96
Lutjanus,campechanus,-1.75,-43.25,5004:113:3,0.94
Lutjanus,campechanus,-1.75,-43.75,5004:113:4,0.9
Lutjanus,campechanus,-1.25,-44.25,5004:114:1,0.91
Lutjanus,campechanus,-1.25,-44.75,5004:114:2,0.88
Lutjanus,campechanus,-1.75,-44.25,5004:114:3,0.87
Lutjanus,campechanus,-1.75,-44.75,5004:114:4,0.88
Lutjanus,campechanus,-2.25,-40.25,5004:120:1,0.95
Lutjanus,campechanus,-2.25,-40.75,5004:120:2,0.95
Lutjanus,campechanus,-2.75,-40.25,5004:120:3,0.93
Lutjanus,campechanus,-2.75,-40.75,5004:120:4,0.92
Lutjanus,campechanus,-2.25,-41.25,5004:121:1,0.94
Lutjanus,campechanus,-2.25,-41.75,5004:121:2,0.94
Lutjanus,campechanus,-2.75,-41.25,5004:121:3,0.91
Lutjanus,campechanus,-2.75,-41.75,5004:121:4,0.89
Lutjanus,campechanus,-2.25,-42.25,5004:122:1,0.92
Lutjanus,campechanus,-2.25,-42.75,5004:122:2,0.91
Lutjanus,campechanus,-2.75,-42.25,5004:122:3,0.89
Lutjanus,campechanus,-2.25,-43.25,5004:123:1,0.9
Lutjanus,campechanus,-2.25,-43.75,5004:123:2,0.88
Lutjanus,campechanus,-2.25,-44.25,5004:124:1,0.86
Lutjanus,campechanus,-2.75,-44.25,5004:124:3,0.83
Lutjanus,campechanus,-0.25,-45.25,5004:205:1,0.91
Lutjanus,campechanus,-0.25,-45.75,5004:205:2,0.88
Lutjanus,campechanus,-0.75,-45.25,5004:205:3,0.88
Lutjanus,campechanus,-0.75,-45.75,5004:205:4,0.87
Lutjanus,campechanus,-0.25,-46.25,5004:206:1,0.85
Lutjanus,campechanus,-0.25,-46.75,5004:206:2,0.84
Lutjanus,campechanus,-0.75,-46.25,5004:206:3,0.88
Lutjanus,campechanus,-0.75,-46.75,5004:206:4,0.88
Lutjanus,campechanus,-0.25,-47.25,5004:207:1,0.82
Lutjanus,campechanus,-1.25,-45.25,5004:215:1,0.88
Lutjanus,campechanus,-1.75,-45.25,5004:215:3,0.89
Lutjanus,campechanus,0.25,-44.25,7004:104:1,0.97
Lutjanus,campechanus,0.25,-44.75,7004:104:2,0.96
Lutjanus,campechanus,0.25,-45.25,7004:205:1,0.94
Lutjanus,campechanus,0.25,-45.75,7004:205:2,0.91
Lutjanus,campechanus,0.75,-45.25,7004:205:3,0.96
Lutjanus,campechanus,0.75,-45.75,7004:205:4,0.95
Lutjanus,campechanus,0.25,-46.25,7004:206:1,0.88
Lutjanus,campechanus,0.25,-46.75,7004:206:2,0.85
Lutjanus,campechanus,0.75,-46.25,7004:206:3,0.93
Lutjanus,campechanus,0.75,-46.75,7004:206:4,0.88
Lutjanus,campechanus,0.25,-47.25,7004:207:1,0.83
Lutjanus,campechanus,0.25,-47.75,7004:207:2,0.8
Lutjanus,campechanus,1.25,-46.25,7004:216:1,0.96
Lutjanus,campechanus,1.25,-46.75,7004:216:2,0.96
Lutjanus,campechanus,1.75,-46.75,7004:216:4,0.97
Lutjanus,campechanus,1.75,-47.25,7004:217:3,0.94
Lutjanus,campechanus,2.25,-47.25,7004:227:1,0.98
Lutjanus,campechanus,2.25,-47.75,7004:227:2,0.85
Lutjanus,campechanus,2.75,-47.75,7004:227:4,0.97
Lutjanus,campechanus,2.75,-48.25,7004:228:3,0.87
Lutjanus,campechanus,3.25,-48.25,7004:238:1,0.95
Lutjanus,campechanus,3.75,-48.75,7004:238:4,0.93
Lutjanus,campechanus,3.75,-49.25,7004:239:3,0.83
Lutjanus,campechanus,3.75,-49.75,7004:239:4,0.81
Lutjanus,campechanus,4.25,-49.25,7004:249:1,0.91
Lutjanus,campechanus,4.25,-49.75,7004:249:2,0.89
Lutjanus,campechanus,4.75,-49.75,7004:249:4,0.88
Lutjanus,campechanus,4.25,-50.25,7005:140:1,0.84
Lutjanus,campechanus,4.75,-50.25,7005:140:3,0.87
Lutjanus,campechanus,5.25,-50.25,7005:350:1,0.87
Lutjanus,campechanus,5.25,-50.75,7005:350:2,0.85
Lutjanus,campechanus,5.75,-51.25,7005:351:3,0.84
Lutjanus,campechanus,5.75,-53.25,7005:353:3,0.82
Lutjanus,campechanus,5.75,-53.75,7005:353:4,0.86
Lutjanus,campechanus,6.25,-51.75,7005:361:2,0.85
Lutjanus,campechanus,6.25,-52.25,7005:362:1,0.84
Lutjanus,campechanus,6.75,-52.25,7005:362:3,0.86
Lutjanus,campechanus,6.75,-52.75,7005:362:4,0.88
Lutjanus,campechanus,6.25,-53.25,7005:363:1,0.83
Lutjanus,campechanus,6.25,-53.75,7005:363:2,0.87
Lutjanus,campechanus,6.75,-53.25,7005:363:3,0.91
Lutjanus,campechanus,6.75,-53.75,7005:363:4,0.95
Lutjanus,campechanus,6.75,-54.25,7005:364:3,0.93
Lutjanus,campechanus,6.75,-54.75,7005:364:4,0.9
Lutjanus,campechanus,7.25,-53.25,7005:373:1,0.88
Lutjanus,campechanus,7.25,-53.75,7005:373:2,0.9
Lutjanus,campechanus,7.25,-54.25,7005:374:1,0.91
Lutjanus,campechanus,7.25,-54.75,7005:374:2,0.92
Lutjanus,campechanus,6.25,-55.25,7005:465:1,0.82
Lutjanus,campechanus,6.25,-55.75,7005:465:2,0.86
Lutjanus,campechanus,6.75,-55.25,7005:465:3,0.91
Lutjanus,campechanus,6.75,-55.75,7005:465:4,0.95
Lutjanus,campechanus,6.25,-56.25,7005:466:1,0.9
Lutjanus,campechanus,6.25,-56.75,7005:466:2,0.88
Lutjanus,campechanus,6.75,-56.25,7005:466:3,1
Lutjanus,campechanus,6.75,-56.75,7005:466:4,0.98
Lutjanus,campechanus,6.75,-57.25,7005:467:3,0.91
Lutjanus,campechanus,7.25,-55.25,7005:475:1,0.92
Lutjanus,campechanus,7.25,-55.75,7005:475:2,0.92
Lutjanus,campechanus,7.25,-56.25,7005:476:1,0.92
Lutjanus,campechanus,7.25,-56.75,7005:476:2,0.92
Lutjanus,campechanus,7.75,-56.75,7005:476:4,0.88
Lutjanus,campechanus,7.25,-57.25,7005:477:1,0.93
Lutjanus,campechanus,7.25,-57.75,7005:477:2,0.88
Lutjanus,campechanus,7.75,-57.25,7005:477:3,0.89
Lutjanus,campechanus,7.75,-57.75,7005:477:4,0.9
Lutjanus,campechanus,7.75,-58.25,7005:478:3,0.83
Lutjanus,campechanus,7.75,-58.75,7005:478:4,0.82
Lutjanus,campechanus,8.25,-57.75,7005:487:2,0.87
Lutjanus,campechanus,8.25,-58.25,7005:488:1,0.87
Lutjanus,campechanus,8.25,-58.75,7005:488:2,0.87
Lutjanus,campechanus,8.75,-58.75,7005:488:4,0.86
Lutjanus,campechanus,8.25,-59.25,7005:489:1,0.88
Lutjanus,campechanus,8.75,-59.25,7005:489:3,0.87
Lutjanus,campechanus,8.75,-59.75,7005:489:4,0.9
Lutjanus,campechanus,9.25,-59.25,7005:499:1,0.85
Lutjanus,campechanus,9.25,-59.75,7005:499:2,0.87
Lutjanus,campechanus,9.75,-59.75,7005:499:4,0.85
Lutjanus,campechanus,7.75,-76.75,7007:476:4,0.87
Lutjanus,campechanus,8.25,-76.75,7007:486:2,0.84
Lutjanus,campechanus,8.25,-77.25,7007:487:1,0.83
Lutjanus,campechanus,8.75,-77.75,7007:487:4,0.88
Lutjanus,campechanus,9.25,-77.75,7007:497:2,0.83
Lutjanus,campechanus,9.25,-78.25,7007:498:1,0.88
Lutjanus,campechanus,9.25,-79.25,7007:499:1,0.93
Lutjanus,campechanus,9.25,-79.75,7007:499:2,0.92
Lutjanus,campechanus,9.75,-79.75,7007:499:4,0.86
Lutjanus,campechanus,8.75,-80.75,7008:380:4,0.89
Lutjanus,campechanus,8.75,-81.25,7008:381:3,0.86
Lutjanus,campechanus,8.75,-81.75,7008:381:4,0.83
Lutjanus,campechanus,9.25,-80.25,7008:390:1,0.86
Lutjanus,campechanus,9.25,-80.75,7008:390:2,0.86
Lutjanus,campechanus,9.25,-81.25,7008:391:1,0.87
Lutjanus,campechanus,9.25,-81.75,7008:391:2,0.87
Lutjanus,campechanus,9.25,-82.25,7008:392:1,0.85
Lutjanus,campechanus,9.75,-82.25,7008:392:3,0.84
Lutjanus,campechanus,9.75,-82.75,7008:392:4,0.84
Lutjanus,campechanus,13.25,-59.25,7105:239:1,0.91
Lutjanus,campechanus,13.25,-59.75,7105:239:2,0.91
Lutjanus,campechanus,10.75,-60.25,7106:100:3,0.86
Lutjanus,campechanus,10.75,-60.75,7106:100:4,0.8
Lutjanus,campechanus,10.75,-61.25,7106:101:3,0.8
Lutjanus,campechanus,10.75,-61.75,7106:101:4,0.86
Lutjanus,campechanus,10.25,-64.25,7106:104:1,0.87
Lutjanus,campechanus,10.25,-64.75,7106:104:2,0.86
Lutjanus,campechanus,10.75,-64.25,7106:104:3,0.84
Lutjanus,campechanus,10.75,-64.75,7106:104:4,0.99
Lutjanus,campechanus,11.25,-60.25,7106:110:1,0.87
Lutjanus,campechanus,11.25,-60.75,7106:110:2,0.91
Lutjanus,campechanus,11.25,-61.75,7106:111:2,0.91
Lutjanus,campechanus,11.75,-61.75,7106:111:4,0.92
Lutjanus,campechanus,11.25,-62.25,7106:112:1,0.91
Lutjanus,campechanus,11.25,-62.75,7106:112:2,0.82
Lutjanus,campechanus,11.75,-62.25,7106:112:3,0.92
Lutjanus,campechanus,11.75,-62.75,7106:112:4,0.93
Lutjanus,campechanus,11.75,-63.25,7106:113:3,0.97
Lutjanus,campechanus,11.75,-63.75,7106:113:4,0.99
Lutjanus,campechanus,11.25,-64.25,7106:114:1,0.95
Lutjanus,campechanus,11.25,-64.75,7106:114:2,1
Lutjanus,campechanus,11.75,-64.25,7106:114:3,1
Lutjanus,campechanus,11.75,-64.75,7106:114:4,1
Lutjanus,campechanus,12.25,-61.25,7106:121:1,0.91
Lutjanus,campechanus,12.25,-61.75,7106:121:2,0.9
Lutjanus,campechanus,12.75,-61.25,7106:121:3,0.91
Lutjanus,campechanus,13.75,-60.75,7106:130:4,0.91
Lutjanus,campechanus,13.25,-61.25,7106:131:1,0.9
Lutjanus,campechanus,13.75,-61.25,7106:131:3,0.9
Lutjanus,campechanus,14.25,-60.75,7106:140:2,0.92
Lutjanus,campechanus,14.75,-60.75,7106:140:4,0.94
Lutjanus,campechanus,14.75,-61.25,7106:141:3,0.93
Lutjanus,campechanus,10.25,-65.25,7106:205:1,0.94
Lutjanus,campechanus,10.25,-65.75,7106:205:2,1
Lutjanus,campechanus,10.75,-65.25,7106:205:3,1
Lutjanus,campechanus,10.75,-65.75,7106:205:4,1
Lutjanus,campechanus,10.75,-66.25,7106:206:3,1
Lutjanus,campechanus,10.75,-66.75,7106:206:4,0.96
Lutjanus,campechanus,10.75,-67.25,7106:207:3,0.94
Lutjanus,campechanus,10.75,-67.75,7106:207:4,0.93
Lutjanus,campechanus,10.75,-68.25,7106:208:3,0.92
Lutjanus,campechanus,11.25,-65.25,7106:215:1,1
Lutjanus,campechanus,11.25,-65.75,7106:215:2,1
Lutjanus,campechanus,11.25,-66.75,7106:216:2,1
Lutjanus,campechanus,11.75,-66.25,7106:216:3,1
Lutjanus,campechanus,11.75,-66.75,7106:216:4,1
Lutjanus,campechanus,11.75,-67.25,7106:217:3,1
Lutjanus,campechanus,11.25,-68.25,7106:218:1,0.99
Lutjanus,campechanus,11.25,-68.75,7106:218:2,1
Lutjanus,campechanus,11.75,-68.75,7106:218:4,1
Lutjanus,campechanus,11.75,-69.25,7106:219:3,1
Lutjanus,campechanus,11.75,-69.75,7106:219:4,1
Lutjanus,campechanus,12.25,-66.75,7106:226:2,1
Lutjanus,campechanus,12.25,-67.25,7106:227:1,0.99
Lutjanus,campechanus,12.25,-67.75,7106:227:2,0.98
Lutjanus,campechanus,12.25,-68.25,7106:228:1,0.99
Lutjanus,campechanus,12.25,-68.75,7106:228:2,1
Lutjanus,campechanus,12.25,-69.25,7106:229:1,1
Lutjanus,campechanus,12.25,-69.75,7106:229:2,1
Lutjanus,campechanus,12.75,-69.75,7106:229:4,0.99
Lutjanus,campechanus,15.25,-60.75,7106:350:2,0.94
Lutjanus,campechanus,15.25,-61.25,7106:351:1,0.94
Lutjanus,campechanus,15.75,-61.25,7106:351:3,0.95
Lutjanus,campechanus,15.75,-61.75,7106:351:4,0.92
Lutjanus,campechanus,15.75,-63.75,7106:353:4,0.89
Lutjanus,campechanus,16.25,-60.75,7106:360:2,0.96
Lutjanus,campechanus,16.25,-61.25,7106:361:1,0.96
Lutjanus,campechanus,16.25,-61.75,7106:361:2,0.93
Lutjanus,campechanus,16.75,-61.25,7106:361:3,0.97
Lutjanus,campechanus,16.75,-62.25,7106:362:3,0.94
Lutjanus,campechanus,17.25,-61.75,7106:371:2,0.98
Lutjanus,campechanus,17.75,-61.75,7106:371:4,1
Lutjanus,campechanus,17.25,-62.25,7106:372:1,0.97
Lutjanus,campechanus,17.25,-62.75,7106:372:2,0.96
Lutjanus,campechanus,17.75,-62.25,7106:372:3,0.99
Lutjanus,campechanus,17.75,-62.75,7106:372:4,0.98
Lutjanus,campechanus,17.25,-63.25,7106:373:1,0.93
Lutjanus,campechanus,17.25,-63.75,7106:373:2,0.92
Lutjanus,campechanus,17.75,-63.25,7106:373:3,0.96
Lutjanus,campechanus,17.75,-63.75,7106:373:4,0.94
Lutjanus,campechanus,17.75,-64.75,7106:374:4,0.94
Lutjanus,campechanus,18.25,-62.25,7106:382:1,1
Lutjanus,campechanus,18.25,-62.75,7106:382:2,1
Lutjanus,campechanus,18.75,-62.75,7106:382:4,1
Lutjanus,campechanus,18.25,-63.25,7106:383:1,0.99
Lutjanus,campechanus,18.75,-63.25,7106:383:3,1
Lutjanus,campechanus,18.25,-64.25,7106:384:1,0.97
Lutjanus,campechanus,18.25,-64.75,7106:384:2,0.97
Lutjanus,campechanus,18.75,-64.25,7106:384:3,0.83
Lutjanus,campechanus,18.75,-64.75,7106:384:4,0.95
Lutjanus,campechanus,17.75,-65.75,7106:475:4,0.93
Lutjanus,campechanus,17.75,-66.25,7106:476:3,0.93
Lutjanus,campechanus,17.75,-66.75,7106:476:4,0.91
Lutjanus,campechanus,17.75,-67.25,7106:477:3,0.9
Lutjanus,campechanus,18.25,-65.25,7106:485:1,0.96
Lutjanus,campechanus,18.25,-65.75,7106:485:2,0.96
Lutjanus,campechanus,18.75,-65.25,7106:485:3,0.99
Lutjanus,campechanus,18.75,-65.75,7106:485:4,0.83
Lutjanus,campechanus,18.25,-67.25,7106:487:1,0.9
Lutjanus,campechanus,18.25,-67.75,7106:487:2,0.91
Lutjanus,campechanus,18.75,-67.25,7106:487:3,0.94
Lutjanus,campechanus,18.75,-67.75,7106:487:4,0.83
Lutjanus,campechanus,18.25,-68.25,7106:488:1,0.94
Lutjanus,campechanus,18.25,-68.75,7106:488:2,0.93
Lutjanus,campechanus,18.75,-68.25,7106:488:3,0.98
Lutjanus,campechanus,18.75,-68.75,7106:488:4,0.98
Lutjanus,campechanus,18.25,-69.25,7106:489:1,0.91
Lutjanus,campechanus,18.25,-69.75,7106:489:2,0.93
Lutjanus,campechanus,19.25,-69.25,7106:499:1,1
Lutjanus,campechanus,19.25,-69.75,7106:499:2,1
Lutjanus,campechanus,11.25,-70.25,7107:110:1,1
Lutjanus,campechanus,11.25,-70.75,7107:110:2,1
Lutjanus,campechanus,11.75,-70.25,7107:110:3,1
Lutjanus,campechanus,11.75,-70.75,7107:110:4,1
Lutjanus,campechanus,11.75,-71.25,7107:111:3,0.96
Lutjanus,campechanus,11.75,-71.75,7107:111:4,0.96
Lutjanus,campechanus,11.75,-72.25,7107:112:3,1
Lutjanus,campechanus,11.75,-72.75,7107:112:4,0.96
Lutjanus,campechanus,11.25,-73.25,7107:113:1,0.99
Lutjanus,campechanus,11.25,-73.75,7107:113:2,0.96
Lutjanus,campechanus,11.75,-73.25,7107:113:3,1
Lutjanus,campechanus,11.25,-74.25,7107:114:1,0.88
Lutjanus,campechanus,12.25,-70.25,7107:120:1,0.99
Lutjanus,campechanus,12.25,-70.75,7107:120:2,0.94
Lutjanus,campechanus,12.75,-70.25,7107:120:3,1
Lutjanus,campechanus,12.75,-70.75,7107:120:4,1
Lutjanus,campechanus,12.25,-71.25,7107:121:1,1
Lutjanus,campechanus,12.25,-71.75,7107:121:2,1
Lutjanus,campechanus,12.75,-71.25,7107:121:3,1
Lutjanus,campechanus,12.75,-71.75,7107:121:4,0.97
Lutjanus,campechanus,12.25,-72.25,7107:122:1,0.92
Lutjanus,campechanus,12.25,-72.75,7107:122:2,0.95
Lutjanus,campechanus,13.75,-79.75,7107:239:4,0.9
Lutjanus,campechanus,17.25,-71.75,7107:371:2,0.9
Lutjanus,campechanus,17.75,-71.25,7107:371:3,0.92
Lutjanus,campechanus,17.75,-71.75,7107:371:4,0.88
Lutjanus,campechanus,18.25,-70.25,7107:380:1,0.93
Lutjanus,campechanus,18.25,-70.75,7107:380:2,0.9
Lutjanus,campechanus,18.25,-71.25,7107:381:1,0.9
Lutjanus,campechanus,18.25,-71.75,7107:381:2,0.87
Lutjanus,campechanus,18.75,-71.75,7107:381:4,0.89
Lutjanus,campechanus,18.25,-72.25,7107:382:1,0.83
Lutjanus,campechanus,18.25,-72.75,7107:382:2,0.83
Lutjanus,campechanus,18.75,-72.25,7107:382:3,0.85
Lutjanus,campechanus,18.25,-73.25,7107:383:1,0.82
Lutjanus,campechanus,18.25,-73.75,7107:383:2,0.83
Lutjanus,campechanus,19.75,-70.25,7107:390:3,1
Lutjanus,campechanus,19.75,-70.75,7107:390:4,1
Lutjanus,campechanus,19.75,-71.25,7107:391:3,0.99
Lutjanus,campechanus,19.75,-71.75,7107:391:4,0.97
Lutjanus,campechanus,19.25,-72.75,7107:392:2,0.82
Lutjanus,campechanus,19.75,-72.25,7107:392:3,0.95
Lutjanus,campechanus,19.75,-72.75,7107:392:4,0.88
Lutjanus,campechanus,15.75,-78.75,7107:458:4,0.89
Lutjanus,campechanus,15.75,-79.75,7107:459:4,0.88
Lutjanus,campechanus,16.75,-77.75,7107:467:4,0.87
Lutjanus,campechanus,16.75,-78.25,7107:468:3,0.87
Lutjanus,campechanus,16.75,-78.75,7107:468:4,0.87
Lutjanus,campechanus,16.25,-79.25,7107:469:1,0.88
Lutjanus,campechanus,17.25,-75.75,7107:475:2,0.87
Lutjanus,campechanus,17.25,-78.25,7107:478:1,0.84
Lutjanus,campechanus,17.25,-78.75,7107:478:2,0.83
Lutjanus,campechanus,17.75,-78.75,7107:478:4,0.81
Lutjanus,campechanus,19.75,-75.25,7107:495:3,0.82
Lutjanus,campechanus,19.75,-75.75,7107:495:4,0.8
Lutjanus,campechanus,10.25,-82.75,7108:102:2,0.84
Lutjanus,campechanus,10.25,-83.25,7108:103:1,0.86
Lutjanus,campechanus,10.75,-83.25,7108:103:3,0.86
Lutjanus,campechanus,10.75,-83.75,7108:103:4,0.85
Lutjanus,campechanus,11.25,-83.25,7108:113:1,0.86
Lutjanus,campechanus,11.25,-83.75,7108:113:2,0.87
Lutjanus,campechanus,11.75,-83.25,7108:113:3,0.86
Lutjanus,campechanus,11.75,-83.75,7108:113:4,0.87
Lutjanus,campechanus,12.25,-82.75,7108:122:2,0.82
Lutjanus,campechanus,12.75,-82.25,7108:122:3,0.83
Lutjanus,campechanus,12.75,-82.75,7108:122:4,0.86
Lutjanus,campechanus,12.25,-83.25,7108:123:1,0.87
Lutjanus,campechanus,12.25,-83.75,7108:123:2,0.87
Lutjanus,campechanus,12.75,-83.25,7108:123:3,0.87
Lutjanus,campechanus,12.75,-83.75,7108:123:4,0.86
Lutjanus,campechanus,13.75,-80.25,7108:130:3,0.89
Lutjanus,campechanus,13.25,-81.25,7108:131:1,0.82
Lutjanus,campechanus,13.75,-81.25,7108:131:3,0.88
Lutjanus,campechanus,13.75,-81.75,7108:131:4,0.87
Lutjanus,campechanus,13.25,-82.25,7108:132:1,0.86
Lutjanus,campechanus,13.25,-82.75,7108:132:2,0.85
Lutjanus,campechanus,13.75,-82.25,7108:132:3,0.86
Lutjanus,campechanus,13.75,-82.75,7108:132:4,0.85
Lutjanus,campechanus,13.25,-83.25,7108:133:1,0.87
Lutjanus,campechanus,13.25,-83.75,7108:133:2,0.86
Lutjanus,campechanus,13.75,-83.25,7108:133:3,0.86
Lutjanus,campechanus,13.75,-83.75,7108:133:4,0.85
Lutjanus,campechanus,14.25,-80.25,7108:140:1,0.89
Lutjanus,campechanus,14.75,-80.25,7108:140:3,0.89
Lutjanus,campechanus,14.25,-81.25,7108:141:1,0.87
Lutjanus,campechanus,14.25,-81.75,7108:141:2,0.87
Lutjanus,campechanus,14.75,-81.25,7108:141:3,0.87
Lutjanus,campechanus,14.75,-81.75,7108:141:4,0.87
Lutjanus,campechanus,14.25,-82.25,7108:142:1,0.85
Lutjanus,campechanus,14.25,-82.75,7108:142:2,0.85
Lutjanus,campechanus,14.75,-82.25,7108:142:3,0.86
Lutjanus,campechanus,14.75,-82.75,7108:142:4,0.84
Lutjanus,campechanus,14.25,-83.25,7108:143:1,0.86
Lutjanus,campechanus,14.75,-83.25,7108:143:3,0.85
Lutjanus,campechanus,15.25,-80.75,7108:350:2,0.88
Lutjanus,campechanus,15.75,-80.75,7108:350:4,0.88
Lutjanus,campechanus,15.25,-81.25,7108:351:1,0.88
Lutjanus,campechanus,15.25,-81.75,7108:351:2,0.87
Lutjanus,campechanus,15.75,-81.25,7108:351:3,0.88
Lutjanus,campechanus,15.75,-81.75,7108:351:4,0.87
Lutjanus,campechanus,15.25,-82.25,7108:352:1,0.85
Lutjanus,campechanus,15.25,-82.75,7108:352:2,0.84
Lutjanus,campechanus,15.75,-82.25,7108:352:3,0.84
Lutjanus,campechanus,15.75,-82.75,7108:352:4,0.83
Lutjanus,campechanus,15.25,-83.25,7108:353:1,0.84
Lutjanus,campechanus,15.75,-83.25,7108:353:3,0.83
Lutjanus,campechanus,15.75,-83.75,7108:353:4,0.84
Lutjanus,campechanus,15.25,-84.25,7108:354:1,0.86
Lutjanus,campechanus,15.75,-84.25,7108:354:3,0.87
Lutjanus,campechanus,15.75,-84.75,7108:354:4,0.87
Lutjanus,campechanus,16.25,-80.25,7108:360:1,0.88
Lutjanus,campechanus,16.25,-80.75,7108:360:2,0.88
Lutjanus,campechanus,16.75,-80.25,7108:360:3,0.87
Lutjanus,campechanus,16.75,-80.75,7108:360:4,0.87
Lutjanus,campechanus,16.25,-81.25,7108:361:1,0.87
Lutjanus,campechanus,16.75,-81.25,7108:361:3,0.87
Lutjanus,campechanus,16.25,-83.25,7108:363:1,0.83
Lutjanus,campechanus,16.25,-83.75,7108:363:2,0.84
Lutjanus,campechanus,16.25,-84.25,7108:364:1,0.87
Lutjanus,campechanus,15.75,-85.25,7108:455:3,0.87
Lutjanus,campechanus,15.75,-86.25,7108:456:3,0.85
Lutjanus,campechanus,15.75,-86.75,7108:456:4,0.84
Lutjanus,campechanus,15.75,-87.25,7108:457:3,0.83
Lutjanus,campechanus,15.75,-87.75,7108:457:4,0.83
Lutjanus,campechanus,15.75,-88.75,7108:458:4,0.81
Lutjanus,campechanus,16.25,-88.25,7108:468:1,0.85
Lutjanus,campechanus,16.25,-88.75,7108:468:2,0.84
Lutjanus,campechanus,17.75,-88.25,7108:478:3,0.9
Lutjanus,campechanus,18.25,-87.75,7108:487:2,0.9
Lutjanus,campechanus,18.75,-87.25,7108:487:3,0.89
Lutjanus,campechanus,18.75,-87.75,7108:487:4,0.9
Lutjanus,campechanus,18.25,-88.25,7108:488:1,0.9
Lutjanus,campechanus,18.75,-88.25,7108:488:3,0.81
Lutjanus,campechanus,19.25,-87.25,7108:497:1,0.89
Lutjanus,campechanus,19.25,-87.75,7108:497:2,0.91
Lutjanus,campechanus,19.75,-87.25,7108:497:3,0.9
Lutjanus,campechanus,19.75,-87.75,7108:497:4,0.92
Lutjanus,campechanus,18.75,-91.25,7109:381:3,1
Lutjanus,campechanus,18.75,-91.75,7109:381:4,1
Lutjanus,campechanus,18.75,-92.25,7109:382:3,1
Lutjanus,campechanus,18.75,-92.75,7109:382:4,1
Lutjanus,campechanus,18.25,-93.75,7109:383:2,1
Lutjanus,campechanus,18.75,-93.25,7109:383:3,1
Lutjanus,campechanus,18.75,-93.75,7109:383:4,1
Lutjanus,campechanus,18.25,-94.25,7109:384:1,1
Lutjanus,campechanus,18.25,-94.75,7109:384:2,1
Lutjanus,campechanus,18.75,-94.25,7109:384:3,1
Lutjanus,campechanus,18.75,-94.75,7109:384:4,1
Lutjanus,campechanus,19.25,-90.75,7109:390:2,1
Lutjanus,campechanus,19.75,-90.25,7109:390:3,1
Lutjanus,campechanus,19.75,-90.75,7109:390:4,0.91
Lutjanus,campechanus,19.25,-91.25,7109:391:1,0.96
Lutjanus,campechanus,19.25,-91.75,7109:391:2,1
Lutjanus,campechanus,19.75,-91.25,7109:391:3,0.93
Lutjanus,campechanus,19.25,-92.25,7109:392:1,1
Lutjanus,campechanus,19.25,-92.75,7109:392:2,1
Lutjanus,campechanus,19.25,-93.25,7109:393:1,1
Lutjanus,campechanus,18.75,-95.25,7109:485:3,1
Lutjanus,campechanus,18.75,-95.75,7109:485:4,1
Lutjanus,campechanus,19.25,-95.75,7109:495:2,1
Lutjanus,campechanus,19.25,-96.25,7109:496:1,1
Lutjanus,campechanus,19.75,-96.25,7109:496:3,1
Lutjanus,campechanus,20.75,-75.25,7207:205:3,1
Lutjanus,campechanus,20.75,-75.75,7207:205:4,0.84
Lutjanus,campechanus,20.25,-76.25,7207:206:1,0.9
Lutjanus,campechanus,20.25,-77.25,7207:207:1,0.85
Lutjanus,campechanus,20.25,-77.75,7207:207:2,0.84
Lutjanus,campechanus,20.75,-77.25,7207:207:3,0.91
Lutjanus,campechanus,20.75,-77.75,7207:207:4,0.87
Lutjanus,campechanus,20.75,-78.25,7207:208:3,0.86
Lutjanus,campechanus,20.75,-78.75,7207:208:4,0.86
Lutjanus,campechanus,21.25,-76.25,7207:216:1,1
Lutjanus,campechanus,21.25,-76.75,7207:216:2,1
Lutjanus,campechanus,21.75,-77.75,7207:217:4,1
Lutjanus,campechanus,21.25,-78.25,7207:218:1,0.93
Lutjanus,campechanus,21.25,-78.75,7207:218:2,0.92
Lutjanus,campechanus,21.75,-78.75,7207:218:4,0.97
Lutjanus,campechanus,21.75,-79.25,7207:219:3,0.9
Lutjanus,campechanus,22.25,-77.25,7207:227:1,0.89
Lutjanus,campechanus,22.25,-77.75,7207:227:2,1
Lutjanus,campechanus,22.75,-77.25,7207:227:3,0.9
Lutjanus,campechanus,22.75,-77.75,7207:227:4,0.96
Lutjanus,campechanus,22.25,-78.25,7207:228:1,1
Lutjanus,campechanus,22.25,-78.75,7207:228:2,1
Lutjanus,campechanus,22.75,-78.25,7207:228:3,1
Lutjanus,campechanus,22.75,-78.75,7207:228:4,1
Lutjanus,campechanus,22.75,-79.25,7207:229:3,1
Lutjanus,campechanus,22.75,-79.75,7207:229:4,1
Lutjanus,campechanus,23.25,-78.25,7207:238:1,0.93
Lutjanus,campechanus,23.25,-78.75,7207:238:2,0.97
Lutjanus,campechanus,23.75,-78.75,7207:238:4,0.87
Lutjanus,campechanus,23.25,-79.75,7207:239:2,0.87
Lutjanus,campechanus,23.75,-79.25,7207:239:3,1
Lutjanus,campechanus,23.75,-79.75,7207:239:4,1
Lutjanus,campechanus,24.25,-78.75,7207:248:2,0.83
Lutjanus,campechanus,24.75,-78.25,7207:248:3,0.82
Lutjanus,campechanus,24.75,-78.75,7207:248:4,0.81
Lutjanus,campechanus,24.25,-79.75,7207:249:2,1
Lutjanus,campechanus,25.75,-77.75,7207:457:4,0.93
Lutjanus,campechanus,25.25,-78.25,7207:458:1,0.84
Lutjanus,campechanus,25.25,-78.75,7207:458:2,0.83
Lutjanus,campechanus,25.75,-78.25,7207:458:3,0.92
Lutjanus,campechanus,25.75,-78.75,7207:458:4,0.89
Lutjanus,campechanus,25.25,-79.25,7207:459:1,0.98
Lutjanus,campechanus,25.75,-79.25,7207:459:3,0.93
Lutjanus,campechanus,26.75,-76.75,7207:466:4,0.8
Lutjanus,campechanus,26.25,-77.25,7207:467:1,0.92
Lutjanus,campechanus,26.25,-77.75,7207:467:2,0.94
Lutjanus,campechanus,26.75,-77.25,7207:467:3,0.92
Lutjanus,campechanus,26.75,-77.75,7207:467:4,0.91
Lutjanus,campechanus,26.25,-78.75,7207:468:2,0.99
Lutjanus,campechanus,26.75,-78.25,7207:468:3,0.93
Lutjanus,campechanus,26.75,-78.75,7207:468:4,0.96
Lutjanus,campechanus,26.25,-79.25,7207:469:1,1
Lutjanus,campechanus,26.25,-79.75,7207:469:2,1
Lutjanus,campechanus,26.75,-79.75,7207:469:4,1
Lutjanus,campechanus,27.25,-77.25,7207:477:1,0.94
Lutjanus,campechanus,27.25,-77.75,7207:477:2,0.95
Lutjanus,campechanus,27.25,-78.25,7207:478:1,0.95
Lutjanus,campechanus,27.25,-78.75,7207:478:2,0.96
Lutjanus,campechanus,27.25,-79.25,7207:479:1,1
Lutjanus,campechanus,27.25,-79.75,7207:479:2,1
Lutjanus,campechanus,27.75,-79.75,7207:479:4,1
Lutjanus,campechanus,28.25,-79.75,7207:489:2,1
Lutjanus,campechanus,28.75,-79.75,7207:489:4,1
Lutjanus,campechanus,22.75,-81.75,7208:121:4,0.84
Lutjanus,campechanus,22.75,-82.25,7208:122:3,1
Lutjanus,campechanus,22.75,-82.75,7208:122:4,1
Lutjanus,campechanus,23.25,-80.25,7208:130:1,1
Lutjanus,campechanus,23.25,-80.75,7208:130:2,1
Lutjanus,campechanus,23.75,-80.25,7208:130:3,1
Lutjanus,campechanus,23.25,-81.25,7208:131:1,1
Lutjanus,campechanus,23.25,-81.75,7208:131:2,1
Lutjanus,campechanus,23.25,-82.25,7208:132:1,1
Lutjanus,campechanus,23.25,-82.75,7208:132:2,0.99
Lutjanus,campechanus,23.25,-83.25,7208:133:1,0.97
Lutjanus,campechanus,24.25,-80.25,7208:140:1,1
Lutjanus,campechanus,24.75,-80.25,7208:140:3,0.82
Lutjanus,campechanus,24.75,-80.75,7208:140:4,1
Lutjanus,campechanus,24.25,-81.25,7208:141:1,0.85
Lutjanus,campechanus,24.25,-81.75,7208:141:2,0.8
Lutjanus,campechanus,24.75,-81.25,7208:141:3,1
Lutjanus,campechanus,24.75,-81.75,7208:141:4,1
Lutjanus,campechanus,24.25,-82.25,7208:142:1,0.88
Lutjanus,campechanus,24.25,-82.75,7208:142:2,0.82
Lutjanus,campechanus,24.75,-82.25,7208:142:3,1
Lutjanus,campechanus,24.75,-82.75,7208:142:4,0.84
Lutjanus,campechanus,24.25,-83.25,7208:143:1,1
Lutjanus,campechanus,24.75,-83.75,7208:143:4,0.89
Lutjanus,campechanus,24.75,-84.25,7208:144:3,1
Lutjanus,campechanus,20.25,-86.75,7208:206:2,0.88
Lutjanus,campechanus,20.75,-86.75,7208:206:4,0.91
Lutjanus,campechanus,20.25,-87.25,7208:207:1,0.91
Lutjanus,campechanus,20.75,-87.25,7208:207:3,1
Lutjanus,campechanus,21.25,-86.25,7208:216:1,0.89
Lutjanus,campechanus,21.25,-86.75,7208:216:2,0.97
Lutjanus,campechanus,21.75,-86.25,7208:216:3,0.92
Lutjanus,campechanus,21.75,-86.75,7208:216:4,1
Lutjanus,campechanus,21.75,-87.25,7208:217:3,0.95
Lutjanus,campechanus,21.75,-87.75,7208:217:4,0.99
Lutjanus,campechanus,21.75,-88.25,7208:218:3,0.98
Lutjanus,campechanus,21.75,-88.75,7208:218:4,0.97
Lutjanus,campechanus,21.75,-89.25,7208:219:3,0.96
Lutjanus,campechanus,21.75,-89.75,7208:219:4,0.96
Lutjanus,campechanus,22.25,-86.25,7208:226:1,0.93
Lutjanus,campechanus,22.25,-86.75,7208:226:2,1
Lutjanus,campechanus,22.75,-86.75,7208:226:4,1
Lutjanus,campechanus,22.25,-87.25,7208:227:1,1
Lutjanus,campechanus,22.25,-87.75,7208:227:2,0.98
Lutjanus,campechanus,22.75,-87.25,7208:227:3,1
Lutjanus,campechanus,22.75,-87.75,7208:227:4,1
Lutjanus,campechanus,22.25,-88.25,7208:228:1,0.97
Lutjanus,campechanus,22.25,-88.75,7208:228:2,0.96
Lutjanus,campechanus,22.75,-88.25,7208:228:3,0.98
Lutjanus,campechanus,22.75,-88.75,7208:228:4,0.98
Lutjanus,campechanus,22.25,-89.25,7208:229:1,0.96
Lutjanus,campechanus,22.25,-89.75,7208:229:2,0.95
Lutjanus,campechanus,22.75,-89.25,7208:229:3,0.96
Lutjanus,campechanus,22.75,-89.75,7208:229:4,0.95
Lutjanus,campechanus,23.25,-87.25,7208:237:1,1
Lutjanus,campechanus,23.25,-87.75,7208:237:2,1
Lutjanus,campechanus,23.75,-87.25,7208:237:3,1
Lutjanus,campechanus,23.75,-87.75,7208:237:4,1
Lutjanus,campechanus,23.25,-88.25,7208:238:1,0.99
Lutjanus,campechanus,23.25,-88.75,7208:238:2,0.96
Lutjanus,campechanus,23.75,-88.25,7208:238:3,0.84
Lutjanus,campechanus,25.25,-80.25,7208:350:1,1
Lutjanus,campechanus,25.75,-80.25,7208:350:3,1
Lutjanus,campechanus,25.25,-81.25,7208:351:1,1
Lutjanus,campechanus,25.25,-81.75,7208:351:2,1
Lutjanus,campechanus,25.75,-81.25,7208:351:3,0.99
Lutjanus,campechanus,25.75,-81.75,7208:351:4,1
Lutjanus,campechanus,25.25,-82.25,7208:352:1,0.81
Lutjanus,campechanus,25.75,-82.25,7208:352:3,1
Lutjanus,campechanus,25.25,-83.75,7208:353:2,0.86
Lutjanus,campechanus,25.75,-83.25,7208:353:3,0.84
Lutjanus,campechanus,25.75,-83.75,7208:353:4,1
Lutjanus,campechanus,25.25,-84.25,7208:354:1,1
Lutjanus,campechanus,25.75,-84.25,7208:354:3,0.96
Lutjanus,campechanus,26.25,-80.25,7208:360:1,1
Lutjanus,campechanus,26.75,-80.25,7208:360:3,1
Lutjanus,campechanus,26.25,-81.75,7208:361:2,0.95
Lutjanus,campechanus,26.25,-82.25,7208:362:1,1
Lutjanus,campechanus,26.25,-82.75,7208:362:2,1
Lutjanus,campechanus,26.75,-82.25,7208:362:3,1
Lutjanus,campechanus,26.75,-82.75,7208:362:4,1
Lutjanus,campechanus,26.25,-83.25,7208:363:1,0.93
Lutjanus,campechanus,26.25,-83.75,7208:363:2,1
Lutjanus,campechanus,26.75,-83.25,7208:363:3,1
Lutjanus,campechanus,26.75,-83.75,7208:363:4,1
Lutjanus,campechanus,26.25,-84.25,7208:364:1,1
Lutjanus,campechanus,26.75,-84.25,7208:364:3,1
Lutjanus,campechanus,27.25,-80.25,7208:370:1,1
Lutjanus,campechanus,27.75,-80.25,7208:370:3,1
Lutjanus,campechanus,27.25,-82.75,7208:372:2,1
Lutjanus,campechanus,27.25,-83.25,7208:373:1,1
Lutjanus,campechanus,27.25,-83.75,7208:373:2,1
Lutjanus,campechanus,27.75,-83.25,7208:373:3,1
Lutjanus,campechanus,27.75,-83.75,7208:373:4,1
Lutjanus,campechanus,27.25,-84.25,7208:374:1,1
Lutjanus,campechanus,27.75,-84.25,7208:374:3,1
Lutjanus,campechanus,27.75,-84.75,7208:374:4,1
Lutjanus,campechanus,28.25,-80.25,7208:380:1,1
Lutjanus,campechanus,28.75,-80.25,7208:380:3,1
Lutjanus,campechanus,28.75,-80.75,7208:380:4,0.98
Lutjanus,campechanus,28.25,-82.75,7208:382:2,1
Lutjanus,campechanus,28.75,-82.75,7208:382:4,1
Lutjanus,campechanus,28.25,-83.25,7208:383:1,1
Lutjanus,campechanus,28.25,-83.75,7208:383:2,1
Lutjanus,campechanus,28.75,-83.75,7208:383:4,1
Lutjanus,campechanus,28.25,-84.25,7208:384:1,1
Lutjanus,campechanus,28.25,-84.75,7208:384:2,1
Lutjanus,campechanus,28.75,-84.25,7208:384:3,1
Lutjanus,campechanus,28.75,-84.75,7208:384:4,1
Lutjanus,campechanus,29.25,-80.25,7208:390:1,1
Lutjanus,campechanus,29.25,-80.75,7208:390:2,0.98
Lutjanus,campechanus,29.75,-80.25,7208:390:3,1
Lutjanus,campechanus,29.75,-80.75,7208:390:4,0.99
Lutjanus,campechanus,29.75,-81.25,7208:391:3,1
Lutjanus,campechanus,29.25,-84.25,7208:394:1,1
Lutjanus,campechanus,29.25,-84.75,7208:394:2,1
Lutjanus,campechanus,29.75,-84.25,7208:394:3,1
Lutjanus,campechanus,29.75,-84.75,7208:394:4,1
Lutjanus,campechanus,28.25,-85.25,7208:485:1,1
Lutjanus,campechanus,28.75,-85.25,7208:485:3,1
Lutjanus,campechanus,28.75,-85.75,7208:485:4,0.83
Lutjanus,campechanus,28.75,-88.75,7208:488:4,1
Lutjanus,campechanus,28.25,-89.75,7208:489:2,1
Lutjanus,campechanus,28.75,-89.25,7208:489:3,0.88
Lutjanus,campechanus,28.75,-89.75,7208:489:4,1
Lutjanus,campechanus,29.25,-85.25,7208:495:1,1
Lutjanus,campechanus,29.25,-85.75,7208:495:2,1
Lutjanus,campechanus,29.75,-85.25,7208:495:3,1
Lutjanus,campechanus,29.75,-85.75,7208:495:4,1
Lutjanus,campechanus,29.25,-86.25,7208:496:1,1
Lutjanus,campechanus,29.75,-86.25,7208:496:3,1
Lutjanus,campechanus,29.75,-86.75,7208:496:4,1
Lutjanus,campechanus,29.25,-87.25,7208:497:1,1
Lutjanus,campechanus,29.25,-87.75,7208:497:2,1
Lutjanus,campechanus,29.75,-87.25,7208:497:3,1
Lutjanus,campechanus,29.75,-87.75,7208:497:4,1
Lutjanus,campechanus,29.25,-88.25,7208:498:1,1
Lutjanus,campechanus,29.75,-88.25,7208:498:3,0.92
Lutjanus,campechanus,20.25,-90.25,7209:100:1,1
Lutjanus,campechanus,20.25,-90.75,7209:100:2,0.92
Lutjanus,campechanus,20.75,-90.75,7209:100:4,0.94
Lutjanus,campechanus,20.25,-91.25,7209:101:1,0.92
Lutjanus,campechanus,20.25,-91.75,7209:101:2,0.96
Lutjanus,campechanus,20.75,-91.25,7209:101:3,0.92
Lutjanus,campechanus,20.75,-91.75,7209:101:4,0.94
Lutjanus,campechanus,21.25,-90.75,7209:110:2,0.94
Lutjanus,campechanus,21.75,-90.25,7209:110:3,0.95
Lutjanus,campechanus,21.75,-90.75,7209:110:4,0.94
Lutjanus,campechanus,21.25,-91.25,7209:111:1,0.92
Lutjanus,campechanus,21.25,-91.75,7209:111:2,0.92
Lutjanus,campechanus,21.75,-91.25,7209:111:3,0.92
Lutjanus,campechanus,21.75,-91.75,7209:111:4,0.92
Lutjanus,campechanus,22.25,-90.25,7209:120:1,0.94
Lutjanus,campechanus,22.25,-90.75,7209:120:2,0.94
Lutjanus,campechanus,22.75,-90.25,7209:120:3,0.95
Lutjanus,campechanus,22.75,-90.75,7209:120:4,0.91
Lutjanus,campechanus,22.25,-91.25,7209:121:1,0.93
Lutjanus,campechanus,22.25,-91.75,7209:121:2,0.93
Lutjanus,campechanus,20.25,-96.25,7209:206:1,1
Lutjanus,campechanus,20.25,-96.75,7209:206:2,1
Lutjanus,campechanus,20.75,-96.75,7209:206:4,1
Lutjanus,campechanus,20.75,-97.25,7209:207:3,1
Lutjanus,campechanus,21.25,-97.25,7209:217:1,1
Lutjanus,campechanus,21.75,-97.25,7209:217:3,1
Lutjanus,campechanus,22.25,-97.25,7209:227:1,1
Lutjanus,campechanus,22.75,-97.25,7209:227:3,1
Lutjanus,campechanus,22.75,-97.75,7209:227:4,0.84
Lutjanus,campechanus,23.25,-97.25,7209:237:1,1
Lutjanus,campechanus,23.25,-97.75,7209:237:2,1
Lutjanus,campechanus,23.75,-97.25,7209:237:3,1
Lutjanus,campechanus,23.75,-97.75,7209:237:4,1
Lutjanus,campechanus,24.25,-97.25,7209:247:1,1
Lutjanus,campechanus,24.25,-97.75,7209:247:2,0.95
Lutjanus,campechanus,24.75,-97.25,7209:247:3,1
Lutjanus,campechanus,24.75,-97.75,7209:247:4,1
Lutjanus,campechanus,27.75,-91.75,7209:371:4,1
Lutjanus,campechanus,27.75,-92.25,7209:372:3,1
Lutjanus,campechanus,27.75,-92.75,7209:372:4,1
Lutjanus,campechanus,27.75,-93.25,7209:373:3,1
Lutjanus,campechanus,27.75,-93.75,7209:373:4,1
Lutjanus,campechanus,27.75,-94.25,7209:374:3,1
Lutjanus,campechanus,27.75,-94.75,7209:374:4,1
Lutjanus,campechanus,28.25,-90.25,7209:380:1,1
Lutjanus,campechanus,28.25,-90.75,7209:380:2,1
Lutjanus,campechanus,28.75,-90.25,7209:380:3,0.97
Lutjanus,campechanus,28.75,-90.75,7209:380:4,1
Lutjanus,campechanus,28.25,-91.25,7209:381:1,1
Lutjanus,campechanus,28.25,-91.75,7209:381:2,1
Lutjanus,campechanus,28.75,-91.25,7209:381:3,1
Lutjanus,campechanus,28.75,-91.75,7209:381:4,1
Lutjanus,campechanus,28.25,-92.25,7209:382:1,1
Lutjanus,campechanus,28.25,-92.75,7209:382:2,1
Lutjanus,campechanus,28.75,-92.25,7209:382:3,1
Lutjanus,campechanus,28.75,-92.75,7209:382:4,1
Lutjanus,campechanus,28.25,-93.25,7209:383:1,1
Lutjanus,campechanus,28.25,-93.75,7209:383:2,1
Lutjanus,campechanus,28.75,-93.25,7209:383:3,1
Lutjanus,campechanus,28.75,-93.75,7209:383:4,1
Lutjanus,campechanus,28.25,-94.25,7209:384:1,1
Lutjanus,campechanus,28.25,-94.75,7209:384:2,1
Lutjanus,campechanus,28.75,-94.25,7209:384:3,1
Lutjanus,campechanus,28.75,-94.75,7209:384:4,1
Lutjanus,campechanus,29.25,-91.75,7209:391:2,0.95
Lutjanus,campechanus,29.75,-91.75,7209:391:4,0.81
Lutjanus,campechanus,29.25,-92.25,7209:392:1,1
Lutjanus,campechanus,29.25,-92.75,7209:392:2,0.85
Lutjanus,campechanus,29.75,-92.25,7209:392:3,0.85
Lutjanus,campechanus,29.75,-92.75,7209:392:4,0.85
Lutjanus,campechanus,29.25,-93.25,7209:393:1,0.85
Lutjanus,campechanus,29.75,-93.25,7209:393:3,0.86
Lutjanus,campechanus,29.75,-93.75,7209:393:4,0.88
Lutjanus,campechanus,25.25,-96.75,7209:456:2,0.92
Lutjanus,campechanus,25.75,-96.75,7209:456:4,1
Lutjanus,campechanus,25.25,-97.25,7209:457:1,1
Lutjanus,campechanus,25.75,-97.25,7209:457:3,1
Lutjanus,campechanus,26.25,-96.25,7209:466:1,0.89
Lutjanus,campechanus,26.25,-96.75,7209:466:2,1
Lutjanus,campechanus,26.75,-96.25,7209:466:3,1
Lutjanus,campechanus,26.75,-96.75,7209:466:4,1
Lutjanus,campechanus,26.25,-97.25,7209:467:1,1
Lutjanus,campechanus,26.75,-97.25,7209:467:3,1
Lutjanus,campechanus,27.75,-95.25,7209:475:3,1
Lutjanus,campechanus,27.75,-95.75,7209:475:4,1
Lutjanus,campechanus,27.25,-96.25,7209:476:1,1
Lutjanus,campechanus,27.25,-96.75,7209:476:2,1
Lutjanus,campechanus,27.75,-96.25,7209:476:3,1
Lutjanus,campechanus,27.75,-96.75,7209:476:4,1
Lutjanus,campechanus,27.25,-97.25,7209:477:1,1
Lutjanus,campechanus,27.75,-97.25,7209:477:3,1
Lutjanus,campechanus,28.25,-95.25,7209:485:1,1
Lutjanus,campechanus,28.25,-95.75,7209:485:2,1
Lutjanus,campechanus,28.25,-96.25,7209:486:1,1
Lutjanus,campechanus,28.25,-96.75,7209:486:2,1
Lutjanus,campechanus,28.75,-96.75,7209:486:4,1
Lutjanus,campechanus,32.25,-64.75,7306:124:2,0.9
Lutjanus,campechanus,32.75,-64.75,7306:124:4,0.9
Lutjanus,campechanus,32.25,-65.25,7306:225:1,0.9
Lutjanus,campechanus,30.75,-79.75,7307:209:4,1
Lutjanus,campechanus,31.25,-79.75,7307:219:2,1
Lutjanus,campechanus,31.75,-79.25,7307:219:3,1
Lutjanus,campechanus,31.75,-79.75,7307:219:4,0.99
Lutjanus,campechanus,32.75,-77.75,7307:227:4,1
Lutjanus,campechanus,32.25,-78.75,7307:228:2,1
Lutjanus,campechanus,32.75,-78.25,7307:228:3,1
Lutjanus,campechanus,32.75,-78.75,7307:228:4,1
Lutjanus,campechanus,32.25,-79.25,7307:229:1,1
Lutjanus,campechanus,32.25,-79.75,7307:229:2,1
Lutjanus,campechanus,32.75,-79.25,7307:229:3,1
Lutjanus,campechanus,32.75,-79.75,7307:229:4,0.96
Lutjanus,campechanus,33.25,-76.75,7307:236:2,1
Lutjanus,campechanus,33.75,-76.25,7307:236:3,1
Lutjanus,campechanus,33.75,-76.75,7307:236:4,1
Lutjanus,campechanus,33.25,-77.25,7307:237:1,1
Lutjanus,campechanus,33.25,-77.75,7307:237:2,1
Lutjanus,campechanus,33.75,-77.25,7307:237:3,1
Lutjanus,campechanus,33.75,-77.75,7307:237:4,0.85
Lutjanus,campechanus,33.25,-78.25,7307:238:1,1
Lutjanus,campechanus,33.25,-78.75,7307:238:2,0.97
Lutjanus,campechanus,33.75,-78.25,7307:238:3,0.91
Lutjanus,campechanus,33.75,-78.75,7307:238:4,0.91
Lutjanus,campechanus,34.25,-75.75,7307:245:2,1
Lutjanus,campechanus,34.75,-75.25,7307:245:3,1
Lutjanus,campechanus,34.75,-75.75,7307:245:4,1
Lutjanus,campechanus,34.25,-76.25,7307:246:1,1
Lutjanus,campechanus,34.25,-76.75,7307:246:2,1
Lutjanus,campechanus,34.75,-76.25,7307:246:3,0.98
Lutjanus,campechanus,34.75,-76.75,7307:246:4,0.88
Lutjanus,campechanus,34.25,-77.25,7307:247:1,0.91
Lutjanus,campechanus,34.75,-77.25,7307:247:3,0.82
Lutjanus,campechanus,35.25,-74.75,7307:354:2,1
Lutjanus,campechanus,35.75,-74.75,7307:354:4,0.97
Lutjanus,campechanus,35.25,-75.25,7307:455:1,1
Lutjanus,campechanus,35.25,-75.75,7307:455:2,0.91
Lutjanus,campechanus,35.25,-76.25,7307:456:1,0.85
Lutjanus,campechanus,30.25,-80.25,7308:100:1,1
Lutjanus,campechanus,30.25,-80.75,7308:100:2,0.99
Lutjanus,campechanus,30.75,-80.25,7308:100:3,0.99
Lutjanus,campechanus,30.75,-80.75,7308:100:4,0.99
Lutjanus,campechanus,30.25,-81.25,7308:101:1,1
Lutjanus,campechanus,30.75,-81.25,7308:101:3,0.97
Lutjanus,campechanus,30.25,-83.75,7308:103:2,0.85
Lutjanus,campechanus,30.25,-84.25,7308:104:1,1
Lutjanus,campechanus,31.25,-80.25,7308:110:1,0.98
Lutjanus,campechanus,31.25,-80.75,7308:110:2,0.95
Lutjanus,campechanus,31.75,-80.25,7308:110:3,1
Lutjanus,campechanus,31.75,-80.75,7308:110:4,0.95
Lutjanus,campechanus,32.25,-80.25,7308:120:1,0.87
Lutjanus,campechanus,32.25,-80.75,7308:120:2,0.93
Lutjanus,campechanus,30.25,-85.75,7308:205:2,0.95
Lutjanus,campechanus,30.25,-86.25,7308:206:1,1
Lutjanus,campechanus,30.25,-86.75,7308:206:2,1
Lutjanus,campechanus,30.25,-87.25,7308:207:1,1
Lutjanus,campechanus,30.25,-87.75,7308:207:2,0.87
